created_at,colors
2022-05-08T12:31:10.587Z,264653-2A9D8F-E9C46A-F4A261-E76F51
2022-05-08T12:31:10.587Z,E63946-F1FAEE-A8DADC-457B9D-1D3557
2022-05-08T12:31:10.587Z,FFCDB2-FFB4A2-E5989B-B5838D-6D6875
2022-05-08T12:31:10.587Z,CB997E-EDDCD2-FFF1E6-F0EFEB-DDBEA9
2022-05-08T12:31:10.587Z,003049-D62828-F77F00-FCBF49-EAE2B7
2022-05-08T12:31:10.587Z,000000-14213D-FCA311-E5E5E5-FFFFFF
2022-05-08T12:31:10.587Z,FFADAD-FFD6A5-FDFFB6-CAFFBF-9BF6FF
2022-05-08T12:31:10.587Z,03045E-023E8A-0077B6-0096C7-00B4D8
2022-05-08T12:31:10.587Z,2B2D42-8D99AE-EDF2F4-EF233C-D90429
2022-05-08T12:31:10.587Z,05668D-028090-00A896-02C39A-F0F3BD
2022-05-08T12:31:10.587Z,03071E-370617-6A040F-9D0208-D00000
2022-05-08T12:31:10.587Z,FFB5A7-FCD5CE-F8EDEB-F9DCC4-FEC89A
2022-05-08T12:31:10.587Z,D8E2DC-FFE5D9-FFCAD4-F4ACB7-9D8189
2022-05-08T12:31:10.587Z,EF476F-FFD166-06D6A0-118AB2-073B4C
2022-05-08T12:31:10.587Z,606C38-283618-FEFAE0-DDA15E-BC6C25
2022-05-08T12:31:10.587Z,011627-FDFFFC-2EC4B6-E71D36-FF9F1C
2022-05-08T12:31:10.587Z,FFBE0B-FB5607-FF006E-8338EC-3A86FF
2022-05-08T12:31:10.587Z,7400B8-6930C3-5E60CE-5390D9-4EA8DE
2022-05-08T12:31:10.587Z,006D77-83C5BE-EDF6F9-FFDDD2-E29578
2022-05-08T12:31:10.587Z,1A535C-4ECDC4-F7FFF7-FF6B6B-FFE66D
2022-05-08T12:31:10.587Z,3D5A80-98C1D9-E0FBFC-EE6C4D-293241
2022-05-08T12:31:10.587Z,F6BD60-F7EDE2-F5CAC3-84A59D-F28482
2022-05-08T12:31:10.587Z,FFA69E-FAF3DD-B8F2E6-AED9E0-5E6472
2022-05-08T12:31:10.587Z,EDC4B3-E6B8A2-DEAB90-D69F7E-CD9777
2022-05-08T12:31:10.587Z,22223B-4A4E69-9A8C98-C9ADA7-F2E9E4
2022-05-08T12:31:10.587Z,F94144-F3722C-F8961E-F9C74F-90BE6D
2022-05-08T12:31:10.587Z,FF9F1C-FFBF69-FFFFFF-CBF3F0-2EC4B6
2022-05-08T12:31:10.587Z,D8F3DC-B7E4C7-95D5B2-74C69D-52B788
2022-05-08T12:31:10.587Z,CAD2C5-84A98C-52796F-354F52-2F3E46
2022-05-08T12:31:10.587Z,5F0F40-9A031E-FB8B24-E36414-0F4C5C
2022-05-08T12:31:10.587Z,555B6E-89B0AE-BEE3DB-FAF9F9-FFD6BA
2022-05-08T12:31:10.587Z,355070-6D597A-B56576-E56B6F-EAAC8B
2022-05-08T12:31:10.587Z,247BA0-70C1B3-B2DBBF-F3FFBD-FF1654
2022-05-08T12:31:10.587Z,8E9AAF-CBC0D3-EFD3D7-FEEAFA-DEE2FF
2022-05-08T12:31:10.587Z,FFCBF2-F3C4FB-ECBCFD-E5B3FE-E2AFFF
2022-05-08T12:31:10.587Z,ECF8F8-EEE4E1-E7D8C9-E6BEAE-B2967D
2022-05-08T12:31:10.587Z,335C67-FFF3B0-E09F3E-9E2A2B-540B0E
2022-05-08T12:31:10.587Z,F72585-7209B7-3A0CA3-4361EE-4CC9F0
2022-05-08T12:31:10.587Z,F08080-F4978E-F8AD9D-FBC4AB-FFDAB9
2022-05-08T12:31:10.587Z,7BDFF2-B2F7EF-EFF7F6-F7D6E0-F2B5D4
2022-05-08T12:31:10.587Z,50514F-F25F5C-FFE066-247BA0-70C1B3
2022-05-08T12:31:10.587Z,007F5F-2B9348-55A630-80B918-AACC00
2022-05-08T12:31:10.587Z,F8F9FA-E9ECEF-DEE2E6-CED4DA-ADB5BD
2022-05-08T12:31:10.587Z,283D3B-197278-EDDDD4-C44536-772E25
2022-05-08T12:31:10.587Z,9C89B8-F0A6CA-EFC3E6-F0E6EF-B8BEDD
2022-05-08T12:31:10.587Z,FFFFFF-84DCC6-A5FFD6-FFA69E-FF686B
2022-05-08T12:31:10.587Z,CFDBD5-E8EDDF-F5CB5C-242423-333533
2022-05-08T12:31:10.587Z,03045E-0077B6-00B4D8-90E0EF-CAF0F8
2022-05-08T12:31:10.587Z,0B132B-1C2541-3A506B-5BC0BE-6FFFE9
2022-05-08T12:31:10.587Z,0466C8-0353A4-023E7D-002855-001845
2022-05-08T12:31:10.587Z,9B5DE5-F15BB5-FEE440-00BBF9-00F5D4
2022-05-08T12:31:10.587Z,FFFFFF-00171F-003459-007EA7-00A8E8
2022-05-08T12:31:10.587Z,588B8B-FFFFFF-FFD5C2-F28F3B-C8553D
2022-05-08T12:31:10.587Z,FE938C-E6B89C-EAD2AC-9CAFB7-4281A4
2022-05-08T12:31:10.587Z,2D00F7-6A00F4-8900F2-A100F2-B100E8
2022-05-08T12:31:10.587Z,353535-3C6E71-FFFFFF-D9D9D9-284B63
2022-05-08T12:31:10.587Z,C9CBA3-FFE1A8-E26D5C-723D46-472D30
2022-05-08T12:31:10.587Z,463F3A-8A817C-BCB8B1-F4F3EE-E0AFA0
2022-05-08T12:31:10.587Z,8ECAE6-219EBC-023047-FFB703-FB8500
2022-05-08T12:31:10.587Z,10002B-240046-3C096C-5A189A-7B2CBF
2022-05-08T12:31:10.587Z,E2E2DF-D2D2CF-E2CFC4-F7D9C4-FAEDCB
2022-05-08T12:31:10.587Z,FF595E-FFCA3A-8AC926-1982C4-6A4C93
2022-05-08T12:31:10.587Z,390099-9E0059-FF0054-FF5400-FFBD00
2022-05-08T12:31:10.587Z,F94144-F3722C-F8961E-F9844A-F9C74F
2022-05-08T12:31:10.587Z,F7B267-F79D65-F4845F-F27059-F25C54
2022-05-08T12:31:10.587Z,70D6FF-FF70A6-FF9770-FFD670-E9FF70
2022-05-08T12:31:10.587Z,FADDE1-FFC4D6-FFA6C1-FF87AB-FF5D8F
2022-05-08T12:31:10.587Z,D4E09B-F6F4D2-CBDFBD-F19C79-A44A3F
2022-05-08T12:31:10.587Z,220901-621708-941B0C-BC3908-F6AA1C
2022-05-08T12:31:10.587Z,FFFCF2-CCC5B9-403D39-252422-EB5E28
2022-05-08T12:31:10.587Z,ED6A5A-F4F1BB-9BC1BC-5CA4A9-E6EBE0
2022-05-08T12:31:10.587Z,114B5F-1A936F-88D498-C6DABF-F3E9D2
2022-05-08T12:31:10.587Z,540D6E-EE4266-FFD23F-3BCEAC-0EAD69
2022-05-08T12:31:10.587Z,CB997E-DDBEA9-FFE8D6-B7B7A4-A5A58D
2022-05-08T12:31:10.587Z,6F1D1B-BB9457-432818-99582A-FFE6A7
2022-05-08T12:31:10.587Z,233D4D-FE7F2D-FCCA46-A1C181-619B8A
2022-05-08T12:31:10.587Z,FFAC81-FF928B-FEC3A6-EFE9AE-CDEAC0
2022-05-08T12:31:10.587Z,4F000B-720026-CE4257-FF7F51-FF9B54
2022-05-08T12:31:10.587Z,64A6BD-90A8C3-ADA7C9-D7B9D5-F4CAE0
2022-05-08T12:31:10.587Z,5BC0EB-FDE74C-9BC53D-E55934-FA7921
2022-05-08T12:31:10.587Z,0D3B66-FAF0CA-F4D35E-EE964B-F95738
2022-05-08T12:31:10.587Z,CDB4DB-FFC8DD-FFAFCC-BDE0FE-A2D2FF
2022-05-08T12:31:10.587Z,EEE2DF-EED7C5-C89F9C-C97C5D-B36A5E
2022-05-08T12:31:10.587Z,797D62-9B9B7A-D9AE94-F1DCA7-FFCB69
2022-05-08T12:31:10.587Z,DCDCDD-C5C3C6-46494C-4C5C68-1985A1
2022-05-08T12:31:10.587Z,BCE784-5DD39E-348AA7-525174-513B56
2022-05-08T12:31:10.587Z,FF99C8-FCF6BD-D0F4DE-A9DEF9-E4C1F9
2022-05-08T12:31:10.587Z,ECC8AF-E7AD99-CE796B-C18C5D-495867
2022-05-08T12:31:10.587Z,0D1B2A-1B263B-415A77-778DA9-E0E1DD
2022-05-08T12:31:10.587Z,FF4800-FF5400-FF6000-FF6D00-FF7900
2022-05-08T12:31:10.587Z,2D3142-4F5D75-BFC0C0-FFFFFF-EF8354
2022-05-08T12:31:10.587Z,495867-577399-BDD5EA-F7F7FF-FE5F55
2022-05-08T12:31:10.587Z,2D3142-BFC0C0-FFFFFF-EF8354-4F5D75
2022-05-08T12:31:10.587Z,fe4a49-2ab7ca-fed766-e6e6ea-f4f4f8
2022-05-08T12:31:10.587Z,eee3e7-ead5dc-eec9d2-f4b6c2-f6abb6
2022-05-08T12:31:10.587Z,011f4b-03396c-005b96-6497b1-b3cde0
2022-05-08T12:31:10.587Z,051e3e-251e3e-451e3e-651e3e-851e3e
2022-05-08T12:31:10.587Z,dec3c3-e7d3d3-f0e4e4-f9f4f4-ffffff
2022-05-08T12:31:10.587Z,4a4e4d-0e9aa7-3da4ab-f6cd61-fe8a71
2022-05-08T12:31:10.587Z,2a4d69-4b86b4-adcbe3-e7eff6-63ace5
2022-05-08T12:31:10.587Z,fe9c8f-feb2a8-fec8c1-fad9c1-f9caa7
2022-05-08T12:31:10.587Z,009688-35a79c-54b2a9-65c3ba-83d0c9
2022-05-08T12:31:10.587Z,ee4035-f37736-fdf498-7bc043-0392cf
2022-05-08T12:31:10.587Z,ffffff-d0e1f9-4d648d-283655-1e1f26
2022-05-08T12:31:10.587Z,eeeeee-dddddd-cccccc-bbbbbb-aaaaaa
2022-05-08T12:31:10.587Z,ffe9dc-fce9db-e0a899-dfa290-c99789
2022-05-08T12:31:10.587Z,96ceb4-ffeead-ff6f69-ffcc5c-88d8b0
2022-05-08T12:31:10.587Z,6e7f80-536872-708090-536878-36454f
2022-05-08T12:31:10.587Z,4b3832-854442-fff4e6-3c2f2f-be9b7b
2022-05-08T12:31:10.587Z,3b5998-8b9dc3-dfe3ee-f7f7f7-ffffff
2022-05-08T12:31:10.587Z,008744-0057e7-d62d20-ffa700-ffffff
2022-05-08T12:31:10.587Z,3385c6-4279a3-476c8a-49657b-7f8e9e
2022-05-08T12:31:10.587Z,d2d4dc-afafaf-f8f8fa-e5e6eb-c0c2ce
2022-05-08T12:31:10.587Z,a8e6cf-dcedc1-ffd3b6-ffaaa5-ff8b94
2022-05-08T12:31:10.587Z,d11141-00b159-00aedb-f37735-ffc425
2022-05-08T12:31:10.587Z,6f7c85-75838d-7e8d98-8595a1-8c9da9
2022-05-08T12:31:10.587Z,ebf4f6-bdeaee-76b4bd-58668b-5e5656
2022-05-08T12:31:10.587Z,ff77aa-ff99cc-ffbbee-ff5588-ff3377
2022-05-08T12:31:10.587Z,eeeeee-dddddd-cccccc-bbbbbb-29a8ab
2022-05-08T12:31:10.587Z,fff6e9-ffefd7-fffef9-e3f0ff-d2e7ff
2022-05-08T12:31:10.587Z,edc951-eb6841-cc2a36-4f372d-00a0b0
2022-05-08T12:31:10.587Z,84c1ff-add6ff-d6eaff-eaf4ff-f8fbff
2022-05-08T12:31:10.587Z,2e003e-3d2352-3d1e6d-8874a3-e4dcf1
2022-05-08T12:31:10.587Z,8d5524-c68642-e0ac69-f1c27d-ffdbac
2022-05-08T12:31:10.587Z,343d46-4f5b66-65737e-a7adba-c0c5ce
2022-05-08T12:31:10.587Z,bfd6f6-8dbdff-64a1f4-4a91f2-3b7dd8
2022-05-08T12:31:10.587Z,e3c9c9-f4e7e7-eedbdb-cecbcb-cbdadb
2022-05-08T12:31:10.587Z,01bf2b-f04554-eff9fb-5a3626-290b0a
2022-05-08T12:31:10.587Z,f0f4f7-c8beb9-fac57d-a81817-344d2f
